X1,X2,X3
-1.562966690147664,-0.7904447108926465,18.11137701509199
1.5365990429414247,0.2110049383847712,19.573907717056546
0.9798782233195655,0.45894302816439414,19.742636951754147
-0.31952132437920056,-0.9630198407634161,18.344325573421827
-0.14503092357658517,0.9371669252100903,18.308586661444068
1.1816136391168193,-0.7367982616901038,18.419718807009808
-0.7548881685818879,-1.9671742254446374,18.736393528500784
1.185499829851889,-0.4147565503364994,19.40085609468741
0.003329083978930974,0.7056110743491695,17.457050545536298
-0.8341792818726964,-0.5840081092515648,20.035117720076055
0.48379038165946336,-0.3645638452043659,19.567820182937297
-0.7741533312729892,-0.2261652094170313,19.341626737388065
-0.3112779036738804,-0.3745844325117759,19.630709890397807
-0.8144941035366344,1.7234542113204139,20.71171585057583
0.7118527645860262,0.3183273825772073,19.211900227108607
0.9268797572587572,-0.11754648635835857,18.49211726994178
-0.6287613292545797,-0.1024239064940107,17.910313986882915
-1.0392545432380709,-1.499319486131368,20.310589964622686
-0.07762813369135663,-0.950854048382744,21.062070535837762
-1.1048886193226526,0.33859470279855164,18.25913753974015
1.9719983785517115,-0.5244395632309535,19.96590418974982
-0.8008824385029729,-0.591415894484951,18.287393649536007
-0.5632701389872361,-0.206389079061839,17.707201942827062
-1.378619295966206,0.6144719801585979,18.172938028284317
-0.4004832507056031,-1.0352834108815485,20.91502373813832
-1.265289618369256,-1.0852838249699666,19.07325667299985
-0.4231165708503504,-0.8178054836745239,19.7911066500383
0.11998482410491051,1.0586784289553446,17.925019667303623
-2.3997846387775383,-3.125088744690104,18.80947704603823
0.5401295539883623,1.5367430989861353,20.215247933464912
0.8498894919508541,1.9049800735682487,18.404538416256067
-1.252583413227879,-1.72982725103999,17.38334396734943
0.3794810589922888,1.1200285798005054,18.14968997640081
-1.6708313022368444,-0.78698068924473,18.245753778275503
0.42861824843155644,1.9017269849434175,19.51220035548811
-0.3662275309970353,0.13886729148253618,19.533647030418976
0.858914154239658,-0.7305788104893423,20.225697402485398
-0.29194766956777857,-0.9293037679874204,21.039965272459686
-0.1402917250369129,0.39373691065589916,18.59345445695987
-1.565118633603978,-0.6321782450670157,18.58232367106899
1.2781516669922155,-0.6585456946699044,18.910674116128508
-0.1632730949718907,0.7995462906651845,19.808935478501038
-0.3474243018948412,-0.022046444135990773,20.22662306860437
-0.6649810230662917,-0.20359010634289784,20.295115248593948
1.4086122067878868,2.461596817064986,18.567587752335296
1.223806555685104,1.5211145389064282,19.41933859763901
0.13439256608530525,-1.469401299944013,17.784993004837272
0.6534769494433604,0.8937233254499983,19.389291821341168
-0.0732450807894259,1.0148932063943967,20.365450595097993
-0.9543180719645775,-1.7459031012391608,18.93482754644772
-0.4641203376716402,1.2491077101833394,17.51784664748482
-1.7028979671310716,-0.460230879445282,16.898880894919383
1.0149913053673312,-0.4460041553718449,17.745263184161573
1.0219121798894217,1.7429569089801191,17.707048609140696
0.4906081468526774,-0.386031469693398,17.614623290435024
-0.06464587156151388,-2.0361022241557585,18.745125875769485
-1.587539907098367,0.024344744872789148,19.211768900114794
-0.9409047389954635,-1.7043710055446244,19.481615622015134
-1.3253787058864412,-0.5573315998068342,20.11516813497825
-0.33737661395404656,-0.19227057173842996,18.562184234268027
-1.0047854471308424,0.9726671688894958,18.13310403097444
1.7722138314661393,0.9954783496538511,18.162618407682423
-1.187436954126457,-1.7083060346491798,17.56866034241992
0.23922196637485105,-2.000455947158751,20.444110217271465
0.6538355744029336,2.4145474694333826,18.734176769027147
1.2664022617059492,-0.9022337622111523,18.838150358605155
0.2763207037908461,-0.8083359226211533,18.288388000408474
-0.13417460635895959,0.31157071245561035,17.25827996120734
-0.14013418595913985,1.3623508603969074,18.37002310776783
-0.7700751397864812,0.36593554861163463,17.723171558750238
-0.5105420874520319,-0.09899347804646336,18.48509123227513
-1.6344404363743588,-3.1910032887071837,20.146235910617463
-0.9085901699265209,-0.8053119658947451,19.22507727549988
1.5393260814073813,0.6402598657683694,19.53187247928776
-1.1237327964649126,-1.7294722426317564,19.26481633523022
-1.1083649514105407,0.08705885921248091,21.04150237113151
1.8073777092246122,1.581380334758655,18.63034607991356
-1.7329330917520893,-1.4879147646695108,18.71636361875
-2.2656447683144663,-2.3993896310607914,19.53971872333662
-0.7253519009840518,-0.5273139238850472,19.62097402446768
0.8293192338480787,2.2308425709897435,18.996417333513303
-0.09193347813457399,-0.9490275729302129,18.98891197603287
0.38992212024753325,1.4521904023646417,19.923725708453922
-0.05699684917760224,-0.3738220543068011,17.26638955567678
-1.135443303718822,-0.4960764846774043,20.83552836570192
-0.8725122755545741,1.437621210319938,17.32966320252085
0.24216515197208258,1.088988232001611,19.117859859433086
-0.7431822995584724,-0.9475110106862807,20.83756637435439
0.4932236528471981,2.8122391996652922,17.599004343036835
-0.36139648347768233,-1.0035978752016106,19.628201139060707
-1.548801313175747,-1.980314276063463,18.875881496091363
0.07490401256000943,0.502002571032793,20.379653337655352
1.5029059926479027,2.4292058721649425,20.445927030541846
-0.798944027048264,-0.6860253273815353,19.27947020116996
0.6523928978674784,0.3551058701479035,20.28625119717188
0.3679873532291732,-0.3837827049060532,20.149262246324827
-1.1741518190752698,0.1853883444665444,19.020166726999225
1.634666831338342,-0.7056203183272591,20.02681865386125
0.632379862548513,1.4728143051638258,19.073188875325005
-0.06787259832049171,0.6622823515807857,17.646354881008325
-0.6482541009965503,-0.6536626185770256,19.4580498811722
0.61024311410884,-0.7177011703050181,19.603584860707674
0.761170815068327,0.2273389834987062,17.277536168286918
0.42892434793982,1.79298373809946,19.23170510670488
-1.7835374428895596,-0.6062060092347965,20.88925690957624
-0.2926465549198576,-0.003124583414642057,18.825099603587653
-1.0795801208661862,-2.273251038071814,19.965476172637032
0.6627093915138738,0.48522327464624193,20.979852709036688
0.7469051474201388,1.2237047343429461,18.66422930306574
1.4009824882138262,1.8375733581694196,18.055686914674425
0.24489788597582643,-0.2614025269556825,19.5563648043461
1.176172990250897,1.2427550786487038,20.305727327080035
-1.1805476370814358,-0.7262734817101574,19.783428713529236
0.43750996083460564,0.5135994576730475,18.90948938980019
0.13884375457505158,0.8224062222388335,17.325508387338182
1.4209474276492682,0.2486144569993029,17.053576391161876
1.0283650902366366,1.0988758811901391,20.015331530512555
0.20371208900136845,0.7686448518908626,18.804480474779606
0.14377367433910465,0.47166425670380063,18.582436507095665
-1.9140424159673306,1.0283953064133347,18.839258345732205
0.20509843889237586,1.2892757512285618,19.45932564094131
-0.41122946452086917,0.029225231962748927,18.82476668531395
0.4429317791798894,-0.9697424911298712,17.50790592489325
0.6903309255860628,-0.011445298262179882,19.474248746885067
-1.087830890049353,-0.7718658429166738,16.88109453689184
-0.8550877549485802,-0.7912265610829039,19.222891990167042
-0.6647559306824177,0.16332120145856632,18.27171899381634
-0.0010799736722298078,-0.8148605895443509,19.134637763476892
-0.6303186037840163,-1.4773655067738543,17.490091986328554
-0.21498831205005867,-0.1293108130299372,17.59528137678634
0.8451948278150316,-1.0990132960933945,18.861630832197413
0.0758266110862377,1.0572030807255064,18.86381496265759
-1.3678906230143555,-0.60051746586579,18.348387099685702
-0.5225678892035456,-0.4921449167430158,19.240969489557457
-0.982696976063804,0.448343421501612,17.52417501751201
1.6955814420807682,1.395772539837457,20.778128854706754
-0.2572162325510592,0.7150050492848267,18.482604342996225
1.3053049407880082,2.815826964400963,18.970108422080607
-0.33105178774368627,-0.47539321552922104,19.32367169739988
-0.1734849291446748,-0.9923668093889514,18.83507718705672
-0.0881349463550456,-0.26555629318092194,18.90699032506645
-0.10333354761697745,1.1318696788539546,18.315357684486493
0.8175237226330508,0.8272178592040133,19.222066030569145
-0.2023917330807497,0.7483014161269903,18.43995947120498
-0.9246071643092227,1.0016944326097883,17.94405970189715
1.4941011447822,1.032803064612405,19.79984747944323
-0.6818471852638343,1.5143013004008115,19.81942262387314
-0.8789054282053215,-0.5920909184216506,18.56141541094525
-1.216448934778225,-1.2352362544289044,18.176950812754775
-0.6149579521407267,-1.9029985933104032,17.014194524910746
-0.5347400031828514,-0.009978545442884734,21.40313344746522
-1.1224135316447572,1.4148754379643842,17.86133078019045
0.806207253589955,1.385212671955214,19.109794769822923
-1.1778293431810407,-0.5814756445277519,19.722795103987778
0.3388516286601309,1.608315385326143,20.175323343954474
-1.4499004048013453,-1.1395371863781039,19.851237527915607
-1.2499679920061415,-0.6659313971902677,17.960595660953977
2.1607695541632186,1.4366653408767784,18.582642458308353
-0.5261261792613303,-1.1331149954713462,19.05919765754504
0.3061328803061355,0.4960577647273435,18.463191370347644
0.14182994227748155,0.4832615134350073,19.894197578735078
0.9098745350090045,0.3188537999565877,20.881372299778793
0.17817221117431717,-0.6268738708150806,19.574207791443627
-1.6301442752568016,-2.087840653157436,20.431464212518257
2.34207371109154,-0.3072852251891207,18.137296784785285
0.6022268512460409,-0.8847892448659728,17.829471132854295
0.911557396598555,0.9325714468221757,17.345133919007655
-0.3784932915148398,0.12179727019380615,18.96494884710822
0.6498160503637557,1.8694461798068458,19.291395100677754
-0.12422574839286979,-0.8901576161455695,19.36853821211998
2.039432797713313,0.15683214311794902,18.38959917191824
-2.1820323688500247,-1.5848909557796989,19.595369787316642
-2.415017566198399,-2.9076896895441315,17.35822337678033
0.5046537096122053,1.7172039093449623,18.626395725931463
-0.7366440963074299,-0.7890668698544683,21.146580992734872
-1.3349225448758852,-2.434553660622823,18.51928138217062
0.5143328070486899,-0.4929164978870998,20.73408178362589
-0.8081714945945069,0.48306000092968304,17.818181349381756
-2.614632977539645,-0.4691094036362279,20.2777213327835
-0.04183186081844656,-0.4330018099194675,17.25756088783253
0.22906553884053066,0.6150934194609717,19.663416045378188
-0.2515127383371658,0.1722061400070224,20.28401580622128
-0.6278550515026882,-0.17456361127414105,19.770147565677185
0.22439023834879365,0.23503139466893397,18.604448908625322
-1.3491257715652256,-2.1884339393135335,18.161112182392234
-0.8657993142604923,-0.5705887184565657,19.330903618181228
0.8142039262236773,-0.00037056543439212275,16.983236712589598
0.5928891396276065,1.4093661515506086,17.68080629871087
-1.0477025781348062,-1.8498482901686852,17.444272537796444
-0.22998678615510385,1.5149448302289419,20.267665617891105
-0.6712439005121758,-0.26358346194168275,19.597492256270794
-0.13410267785325183,0.32493428954536135,18.99480976170338
0.5152847884796017,0.9257798584784892,18.041355799418767
0.6043300767719814,-0.48655096104489587,17.766723659978382
0.9452124679599525,2.2342651017695805,19.523148326910107
-0.18371983110826134,-0.700713384951492,18.303592893908625
-0.7077791938306792,-1.1658233562331997,19.739430045556073
-0.12813504582036267,0.6538798594951071,17.335559342985448
-0.5970283898330636,-2.0267263932270736,20.025963577282297
-0.5170813168981861,-1.5922951330672779,18.095840055958607
1.240491060275384,1.841530616734246,18.985189886624582
0.051909155203133814,-1.1277487250796958,16.385931485060528
0.06687415787277941,0.9089685494678005,19.000937529070043
0.5473492431939236,0.7276850724328352,19.40379549133775
-0.09803720594914082,-1.1028190997488474,19.185246821295834
-1.0110851279939865,0.7731796649601503,18.902920839218936
1.1174226931798152,1.1056951835340425,21.29099736782748
-0.20649998773503073,0.8215218765474331,20.92986685863518
-2.318116877525794,-0.7692401127522498,20.109251511967567
-1.9519799406999723,-1.855094171731191,17.839347620630036
1.5995101712068571,2.4150472062510766,18.54669883480235
-1.2165988464042803,-0.8271784067982455,15.4400032168895
-0.013642440421625974,-0.9107465912440609,18.57845482356874
0.5465472293055167,-0.30717796555771015,19.714496650620877
0.03624210274357656,-1.232871778749158,16.66832047300537
0.7168663512632673,1.7309241328436713,18.44907211616992
1.8485447139182425,0.9683650146283788,18.785824110461416
0.7858571972694626,-0.4700669625570033,18.089743802007135
1.6810984047194382,2.377781640714821,18.693363201566775
-1.2063225943327174,-1.2259802217686837,18.392951979944733
0.8804607106385589,-0.2562293155597126,17.937733976443326
0.13964048298477733,0.9202002663140282,19.574332291574564
0.2748581674955869,0.22904749780589362,18.93690961112199
0.03243782440114657,-0.015368519574090054,19.00734977854541
-1.5697655565846282,0.09221007289293048,19.329134013272014
-0.9541617540934747,-0.2744490082296254,18.643634389016476
0.2638754145971479,-1.2432227436301262,18.603166457502546
-2.232868760097745,-2.4756202235660614,17.186171048448028
0.7840476576367883,0.045864643930511984,19.518008651290067
-0.9348811408248259,-0.7023835277483361,19.2089816210699
-0.6821750196481525,0.29859998445052455,19.000397386061447
0.45260113837102073,1.1251793491210944,19.358895506484643
-0.7739006863859966,-1.126927752309225,19.7634262471569
0.3390579018473435,1.4068892593247462,18.050125129934543
0.14814125013872564,-0.18662345799080457,18.184446148061717
0.8233716891387699,0.4947152421575144,18.618556404585537
-1.449446308928604,0.5575876683291663,18.108394466436714
-0.35675168853162437,1.7656095009993307,18.151556354966594
-0.3419047569529892,-0.8597386183854319,19.399028685090038
-1.3553724164811345,-0.08642401103133479,20.79221428841254
-0.3812577073307269,0.3503932438150338,18.65397700154948
0.5235649275465186,2.4958657402693074,19.47564375727868
1.7141024238257152,1.4076310919483457,18.686842824402394
-2.049453063843058,-1.1230069809224903,19.34447431824452
-1.3832277600215606,0.5187452966927961,19.32861760905506
-0.3069126532522944,1.7283399093993344,18.75372158107182
-0.04676986763231062,1.0844291530516743,19.505561814868226
-0.5677824395357692,0.8625772328037706,16.527322424376585
-2.8707423881909717,-0.9394861605034689,19.46470322370579
-0.3877286129936005,-0.3157861736211759,18.988883466327163
-0.621167499183362,-1.2548803521783822,18.522404270844007
1.9654799580057796,-0.11759800203639148,18.83468285943195
0.28865633094712495,0.31836363385368516,19.87232325961356
-1.1256927100036518,-0.4048624190271769,17.483234507430147
-2.2125957009583597,-1.5309794375305725,19.067410711296006
0.6458112571388921,-0.2923182938424289,19.252027161144333
-0.6175104622064899,-0.19342972429291178,17.306208669756344
-0.2532531197162687,0.792462800239465,18.086081533455655
1.4747487626470221,1.1815262114814296,19.236410834497203
0.05147643830416461,0.9743917524021769,18.321199942539305
0.04450063946150551,1.001963206238822,18.726830844114446
-0.48601486702441654,-0.23571561290852092,20.457827055467895
0.3856880932813814,0.06731005848495294,20.005874491741103
-0.00798073400487712,-0.01676416148527453,17.262167500467957
-0.7320579639441969,-1.6411969980681933,18.928204462278938
0.7540252513801886,1.1215677808600144,18.88044458387601
0.20774392930102042,-0.4610583617571783,18.952022731244544
0.4501438786689887,-0.20680050433398792,20.447290052571947
1.7971141202976848,-0.3710502753241205,21.46265199407414
-0.19487374798102156,0.2682992186479407,19.587765852958093
1.0125225935787427,1.6938094487373474,18.928232416262702
-0.2533902067036485,-0.3193794403902183,17.538663645229246
-0.11600467646991523,-0.49773691019300575,19.68662720744333
-1.6883114676395192,-0.295253989692676,19.794533495325034
-1.7687380491351936,0.5575041290587901,19.582811124144037
-0.24551010274095741,0.22210793023062952,18.47794496928284
-1.2483266776176483,-1.2173135284796683,19.96710652543458
0.9615516240499687,0.23199027941044187,18.246299280774384
0.864318751079645,0.23250452277444064,18.584713847388137
0.7394096210728236,-0.11569780788206491,17.342758897917196
0.25649443397912364,1.0954524539816621,18.687565386767485
-1.6685093248451388,-0.12016026379361422,18.801247878065762
-0.4447025134979949,-1.7400255092483818,17.88397298526864
0.9037695324492703,2.910308127119738,19.223235239667318
-0.5372695417904813,-0.529839126457927,18.733097680566566
0.8541285039812392,-0.5803380181424407,19.195558109908728
2.3210628602192696,0.3860283735919422,17.904256129080483
-0.7281097568794679,0.13352327944022985,19.22367229571323
1.0161736846817984,0.9084994453559057,16.842016251610247
-0.3832203560405327,0.6783242795606085,17.956637594697643
-2.3828523181592693,-0.8418790301429413,19.724675475142632
0.44161315660968953,-1.0012286447047516,18.133485405209704
-1.30430458148572,-0.4248008303360243,18.71055810296182
0.5181809619961406,-0.20382918660402843,18.874693599889387
1.5845359124025449,0.11364437145355055,18.717714056775968
-0.701333906854867,-1.4040875461571982,20.166838070648517
-2.4011847027443736,-0.8680439899370536,18.942624144927734
-0.8719471747862989,-0.4707000125365458,18.046659513204958
-0.8077356244095426,-0.3276921894896165,18.845976593778886
0.4451083568022366,0.8143107104307277,18.81721959890491
-0.5830395400742061,1.0306715595403864,19.625093801787813
1.3015031915412074,-0.8123419113489186,19.116472539754923
0.4867416403071175,0.30986616159974967,19.43847068486004
0.8451831837125827,0.24527651303532433,20.37658875965039
-1.0808285703760987,0.6340716578876016,19.47355527786146
0.053628260471689566,0.5941409496043851,17.69485715271234
0.20168118490394352,-1.2595164170916702,16.90380127740805
0.6519327350683172,-0.010142562674232414,19.129790302919805
-1.6473198678362615,0.34338697634665993,18.9612354737866
-0.2673558129713042,2.134725943545838,19.984405574095963
-2.7086569127818936,-1.2061618350252061,17.634207414240223
0.08837173195863493,1.4231720831724466,19.513034655016742
-0.2385451294007174,0.9246440099317581,20.615814879013943
-2.0433718626793818,0.5035206529706815,19.421179479942946
-0.2835131145136013,-1.1642725926619142,18.17369628222549
-0.3816932953732387,0.22792614254712706,18.881773672882925
-1.7639708669191938,-0.6391414601925065,18.189279011550788
-0.6225898301158647,0.3199332848636212,20.29109931877751
-1.1314155362012328,-2.7755528295091425,18.03277498262086
0.9536137911474079,0.0809465319081682,18.699586702394633
-0.9184528110449552,1.225472655943538,17.032455665692737
-0.0983962403870511,0.6015264321754258,19.720801935670977
-0.8419539357488427,-1.1869143449442279,17.89663080454197
0.3718222856279253,-1.5320685430190948,20.188659083566286
0.44546006071554045,0.6049640855685565,19.211486958982967
0.24788908687353067,0.3837817116936111,17.589895603800727
0.18039710333686718,-0.45037458752703374,20.914795267990723
0.8770684536866177,0.09474444589238096,18.15524208705878
-1.6551751662108172,-0.6345092908588971,20.081412449232783
-1.5173947963166714,-1.3285197957658361,19.09373395488652
0.4015162699155705,-0.8737209128535776,20.162314675585108
-0.34959909546973883,-1.07159340318824,18.889886864130276
-2.1712524027837246,-0.46707263798366094,18.38016028158506
-1.3645719133575127,-0.5367629699914352,18.315393993015363
0.015508540980328956,0.053271921552821275,19.905499254630765
-1.393710813407728,0.22099219175692408,20.44458190916764
-1.1782821066835876,-0.10478355049200139,18.627497730360023
-0.4580088736033485,-1.0370504988839795,18.78230956575099
-0.9729203758472924,-0.9698486718578011,20.154281534581088
2.0587618337265856,1.8376487821682073,20.188119843616136
2.4341594698646714,2.7348263132189183,19.590458307619663
1.139350617441263,1.061400109814026,20.914857877493287
-0.462788690386113,-0.8408321280530041,20.303409348313068
-0.7942795179382913,0.15921741370768194,20.735210454905417
-1.0780316617804853,-0.5824870624068097,18.873330090948944
-1.0748309815524952,-0.3506558614714043,19.622965449597928
-2.0044641785949113,0.9414621531918557,20.079779625589534
-0.11803923738699211,0.9459920263944549,19.210893461171615
0.5259685670777468,0.7330247402568628,18.376822409132245
1.120278986092828,1.1192189954113023,18.409413537906765
-0.8389028379946564,-0.5079018913564002,20.688916128213226
-1.1677830154962172,-1.6290733861116704,19.932204908469096
1.314930584158568,1.4616886728459542,19.85663851570832
1.0143729779601913,1.052039750845833,17.923061822587655
0.9682430947492241,-0.6174515328414796,17.63006363743255
0.6784657678471133,1.501688136695058,19.166878682452698
0.6772742187319765,0.6568654519394801,19.118092520384618
-1.4923499055131408,-1.6245790359620385,19.196187431019137
-0.12910427506110453,-0.018123798499514947,18.083816238361432
0.6561882204947586,1.6741468575195593,19.840392957718045
-1.0793420163730212,0.3021404743573347,18.713165098925508
-0.05769288014295161,2.150947917445995,15.29110793517637
-1.3382272431183837,-2.5160756389998404,19.032201873302114
1.9043642639872236,0.04846186443551903,20.38853461476196
-0.8407268849100571,-1.1911123453333965,17.363955593058325
0.7025907531605482,-0.2420389344798589,19.682023487185948
-0.2600940021927869,0.19236317811485149,19.592105557012594
0.43770181839711864,-0.8016265238120823,18.699974364923765
0.911918170048441,0.12383862296682846,17.748308220805672
0.01642058034250169,-0.13541615317041308,21.428076082295636
-0.172843845771203,-0.7957245015081994,18.60537018610818
-0.8934760161306726,-1.7090978620414863,19.571530520382808
-1.161193525876134,-1.3192204304858586,20.298462582628687
0.12695322112180774,0.38646906965574696,16.651686800267132
0.8703658027416974,-1.1131680669228072,18.908627720729918
-0.6205079328725542,-0.11686274673722291,19.75182717408058
0.33264833960041507,-1.1583815718671877,19.45117064717445
-1.478682176660363,-2.1807835799341024,19.613649501947798
-1.5190367649747134,-0.878277581866084,19.32723030395644
0.382429738500977,-0.12622950703734417,18.943461122156034
0.7731475613002431,2.5367834469118793,19.210371193813636
-0.8613558951746858,1.2236954563306357,19.18659966105089
1.3012309153997526,0.6301211102804644,18.99414985103341
1.3903530604365912,1.8937147440590403,19.07392976688193
1.7338216283469916,0.7234131587752688,18.37273411047473
1.1203860714734366,-0.32808730911119055,17.68724662810024
0.4489114219748525,1.0885446400033028,16.319509199799775
1.6483209363873843,1.1652086310818062,18.73864161121375
-0.6975392161390449,-1.4348840956250986,18.990817922969157
0.060975048945326356,1.027021292937035,17.85666862143562
0.17364753196211616,2.0523878641002815,20.64919226193598
0.8547091893507739,0.2617965119552623,19.460900138503487
0.32783661992808594,0.3213622241454396,18.003021878777925
0.692422961970111,0.8206049210549677,20.58910268433934
-0.0476361998476822,0.5190203389175864,19.560051330679293
-0.4167199795779974,1.037529723375323,19.26215545204815
-0.5403566952333664,-0.9001638536120622,19.855111616975552
-0.09095591411938589,-0.33612301429807545,18.86081208815016
-0.6238636900047266,-0.3869160329967413,17.09537686392087
0.4073711100092625,0.5119868938177436,19.55612797615874
-0.1422620343624849,-1.159314290471999,18.637488909094717
-0.032166364801629994,2.0364017720706804,18.80016481084007
-1.7415576299901503,0.011611600882709738,20.3227606323067
0.13128027570532777,-0.7209704682642168,18.87512543443579
-0.46844020066011854,-0.5092820327968657,18.7553268499762
-0.8659915420005774,-0.2776295343875118,18.93438564825456
-0.8485778288217716,-0.023170913516352754,19.64103328629679
0.1575691827324359,0.2645740691926405,17.955962021792217
-0.4987847740155915,0.4851263572252761,18.289688276150322
0.90982487753326,1.7445460044665144,19.411462588754667
-0.371460195052664,-0.19819851675657071,18.091573654909098
-0.044089685586513036,1.208247772175788,20.232116028128353
-0.1259396279649563,0.2028719679721379,18.08483856081115
-1.2616966009353037,-1.338263919424831,17.84830058597641
0.23558060585608498,0.8059150204004336,20.83919381330477
0.6875986314113511,1.4942842694641647,18.309429554081394
0.2497673805406201,-0.46770974116370273,21.340740902406125
0.7880247754087367,1.1616244200340464,19.269068216086445
0.45469568298140617,1.1397862222112338,18.30786727270626
-0.01633819206788819,-0.12232967451201807,19.597524577369658
-0.3424421064838384,2.3726841160033585,19.25959976552084
-0.9814760098968363,-2.607079476137046,17.788169843178157
1.8657201215834565,-1.9172602040364937,19.747017421544573
1.7247046486672477,0.38768910026083303,19.266120089760353
0.36957314651043915,0.07359353625968322,18.92669117671211
1.651646291017013,0.9545251422528938,19.98299060778365
-0.2459494880448383,1.4635688633106125,18.03602352827208
0.5920327200557545,-1.5573770995022231,18.39227080909145
1.3798581667402703,2.529539004411767,19.325960397560973
0.8284247427352223,-0.849432741764089,18.326039177078254
1.243794078821232,-2.0952490935699792,19.521388882252303
1.950929416079948,0.16960746613401922,19.385391495962708
-0.4134640070915402,-0.6350324514946035,18.247860734742428
-0.8059986370936559,0.42442345461561676,18.92063585509151
0.35976937036854295,1.9230824078279938,19.555339951179334
0.962380479331963,0.1837469646377492,20.021960677050817
0.7556489670101755,1.5645203095704112,17.23818796268757
0.3491313589536349,0.7100498106746274,18.411846378928242
0.695194427904228,0.9259030351255182,19.67255858404836
0.02636534136441281,-0.7830634955104877,18.44182786294905
-0.9902986945104463,1.6393925392907633,16.102296165004663
-0.5626727055099773,-0.34530549332567384,20.419204252383537
-1.3272290563884759,-0.48906015792806895,18.317654787316485
0.550001999622018,0.3365626577745558,20.00142271322883
-2.687514252043366,-0.8134892224768459,19.23323630201027
-0.10554121823816043,1.3719996657871056,19.431541507233465
-0.31292962752035147,0.04516900346231742,19.757607628288675
-0.4787126040380794,0.7037010444050401,17.34091614007413
0.2915565164453856,2.679439155269474,17.180784050450235
1.3661265528572235,0.8146595434128545,18.862496910721053
1.3540616795687546,1.0339512268384454,19.326287048178575
-1.4244328671857567,0.220511460363207,19.573468081722734
-0.24195709219275885,-0.5598811131572932,17.711156580445973
0.20028212160984615,0.3986605785203502,17.86840372295051
0.1829035434585639,-0.6957359039348766,18.988530779557447
1.3314339851169747,0.5566640211506685,17.46365667202658
1.4922363646791013,1.0537418267130194,19.705630747983726
-1.1449136783447829,-0.9904577870354327,18.255188529896483
0.9759617987036496,1.60626432089117,20.296349318224056
-0.8692018728093006,2.5249299450551628,19.929761602262055
-0.15538752535980507,0.8031828170605144,17.32854382860871
-0.18205615362218924,-0.5634226541073021,19.024318798768455
-2.0671751444654007,-2.432973431120895,19.788886423130332
-0.49918068145606526,1.9748932654998097,18.37734617241402
0.06305996397402772,2.473586111498917,19.73407674740809
1.8443212202424955,-0.019745627019125078,17.377673394539034
-1.3827707123747301,0.5785811260202818,17.721435742209152
-0.4015312649719845,-0.13834392771150616,19.899240058399588
-1.1627983898128667,-0.5131483082144025,19.32151892342034
-0.5988547285739471,-0.8694666848325094,19.462685399477035
-1.020346434662218,-1.5760653378072589,18.383050292663494
2.297157253499536,-1.0421981589288907,21.25510348213896
-1.6258041890972947,0.32740815152148506,19.44724645774484
-0.15598993187521523,-0.179325406280875,19.502649324124565
-1.504551125577889,-1.9504787877422767,18.85192486348174
-1.1745640276882674,-0.9895494720826281,19.95396917685498
0.09996436198939526,-0.3899838385302629,18.300354857422565
-0.4764888792178794,-0.5919102391918434,18.799327629108582
1.5141013703930966,1.3758237621868719,18.83022313946897
0.11305438763236444,0.40355245880266827,19.536332280765347
0.35344751429612287,0.44686531375513744,18.524583285288415
-1.0434333841834984,0.8758618309904808,19.267846213873764
1.8814080457179347,0.3445568387773862,19.08114620896584
0.2506725344383669,-0.9459510158319889,20.209402692365465
-2.3165640704677135,-1.233423137225852,17.675552766326412
-0.3329820024220679,-0.6649794480985516,19.319964914832873
-0.32081954635092585,-2.871811486327241,18.752986176564583
0.21676673259449736,0.5350368483037844,19.77552034712859
1.090551412037397,0.02358113655464944,19.25643080267104
0.06916543343690948,0.8177754786223298,16.102004753642618
-0.046288322547319,0.7145383294680568,17.16693549229018
0.12961862395848195,-0.48293605225867675,19.669929959550075
0.2819055550249252,-0.3505404736555109,17.4174191561566
-0.4480236962993956,-0.585610803905909,18.89740647021326
-0.476530824787949,-0.5882913207116772,19.8047111174458
-0.7107187535504129,-0.4847137360141523,18.464628664200987
-0.16899067041809307,-1.2609570844215625,19.776446638678955
-0.1514267411418263,-0.3567555697326014,17.3305491913225
1.2155410685164896,-0.7467827392104517,17.580919633476476
0.5281553719318218,0.5375966770658901,19.832137551313615
-1.8629952951114064,-1.4255368603298062,21.437675309397214
-0.5146380507511943,-0.35517732821275416,18.460871398367445
-1.8574950790240707,0.3739020682392179,16.796145980408305
1.522109967666321,2.9497645719917513,20.828693390615967
0.4535555523572312,-0.936935932214036,20.246155317767798
0.6774502779139162,0.931301637261719,18.351506802614395
1.1594508995553194,1.3249323160709763,18.0250596059753
0.36716906923901377,-1.749692869742166,19.927440436771985
0.35922714113739185,-1.3818774806445675,18.69958275184095
0.5679522838776275,1.71882963771262,17.80980897102075
0.7646172895947508,-0.8866926786121052,19.099029554506554
0.37902082212153737,0.3933556019002705,18.22376263063859
0.25347102901912394,0.8506762410004419,17.372712066271717
0.6752637759163606,-1.1202811486259723,18.73931996069625
-1.5371153508663382,-2.1672164721566123,18.589790017902335
0.03684528885870658,-3.27161407695485,20.640966174761303
0.015892920833548284,-1.0020413601436389,19.66114820561321
1.0418827633806782,0.06927479547443283,17.599893306978075
0.7671314558150396,0.9566485771856073,17.948183527121216
0.6432885669868205,-2.442753003019279,17.418729766982096
0.33317932971233866,0.871277215285332,19.72032239537739
0.4660758243352397,-0.4685347484389033,19.130621503330417
-0.8073721065985203,-1.8806943728446268,18.482812608705217
0.10527537002193806,-0.5993025565631613,18.421315078956425
-0.22747649714540982,0.11422949868870992,19.13529511053032
-0.027156017739177453,-0.13654776598989213,19.951382780789526
-0.4840743691043808,-0.4760925510709568,17.631871863251522
-0.9488438404301479,-0.4100734452272477,18.56682773680448
-0.7403280274845466,0.7636063567950968,18.797070603071457
1.3069122450671615,0.63205611656829,18.660921394104687
0.057033460197226486,-2.3185628164344463,20.10454277623425
1.489782959145245,0.13563840867924315,18.480498952614948
-0.8507719946957891,0.6817400889748704,19.080359167752846
1.0913109750420533,-0.352983875488705,18.45856608143613
2.0826350419802853,-0.48634686940739225,17.631623694962276
0.43736914284920314,0.1734877707774289,18.15843182122811
0.5911647899960527,0.8851003939917697,19.09819606437799
1.5096749609056064,-1.4661904192663542,20.74785012915526
-1.5116114762981898,-0.39123849797005716,18.733985975503945
-0.6444295652981493,-0.29113452556626523,18.578724932300137
0.6804690797760898,0.4903953008453956,18.362837959652204
-1.0222688314628532,-1.3740253520970485,17.794478785705856
-0.4953149457999092,1.3995802906190318,20.077595904101877
1.306001619180921,-0.8396111868719323,17.77562339009007
0.5230998157355399,-0.09104489839126007,19.50932410786393
-1.4367900799388076,-1.1161536892646364,18.545878255566496
1.0684017687208327,-0.8797946881096738,18.94176778640231
0.8588050834354315,0.9300922988875211,19.011852029025587
0.9250209181778186,-0.7084330549938387,18.698903294985463
0.24724064645796928,0.7637108853003368,18.526741411107427
-0.340337810946234,-1.090675011862907,17.504237647670834
-0.5758478078782643,1.278267928466301,18.184104441346733
-0.7145038374296047,-0.23927024884752732,18.79759288403624
2.4169386262501305,1.0327017862724022,19.2112839998557
-1.759606830829864,-0.9083116258824914,18.931373006223115
1.432218304505192,-1.304933041151749,19.73934819493964
0.47009790723298567,-0.8305520832354996,20.285286597694856
-0.3815458530060198,-2.3933174224269007,20.022558760845243
2.6072073067474006,2.3592672254736256,16.915606411930707
-0.3975217413462123,-1.0575733230956221,19.327703559747132
0.1356498636364008,0.06646488650900918,19.87493236968968
1.1823458572456547,1.3409490270696511,18.216148037888672
0.5388377055278131,-0.7144024287061385,18.27248683407616
0.3412243372584467,-0.08868513497623987,18.973387042862637
-0.876233976408043,-1.6230327229860666,21.01790423530829
-0.5778791649460417,0.4324126476625383,18.69017900861078
-1.1901729674355408,0.12543915148036344,17.214771047511665
-0.08754361394058395,0.1436239285435989,17.984063051890477
-0.029467119445962992,3.058191195365708,17.54218383186554
-0.19600966043282866,-0.5641656215898092,18.91702320755174
0.6539250199929328,1.476918259856417,18.89915794788449
-0.14807759930010206,0.6114921212592109,18.459385478650393
-0.11822946649760545,0.5186447272633634,17.503944443220362
-0.22517629550012438,0.9375352077184737,20.139114432183355
-0.5569790505633392,-0.70962217336797,19.49658604752866
1.0682268569336486,0.4406346500818282,18.213881166212442
-0.08132838695030034,0.2850045906230086,19.31774396355162
-2.1106452172210624,-1.4192544188782203,18.81918372947045
-1.2907018715827985,-0.9733616443619401,17.73241559345511
1.4573060845007122,0.8667308315283004,19.631963495889583
1.1289211521313587,1.047798520608353,18.31185361181205
0.4587429437552019,0.431964750780775,19.420044288205506
1.2125542130946738,1.8859707004005495,17.467375135803923
-0.9164628973330801,-0.11703559179332368,19.79568924362383
-0.9445942845261289,-0.40614620797786904,18.599186973389337
-0.4896810214958584,-2.1628328262223686,19.644513061503464
-2.052508021156351,-3.9535141349422465,21.469183871793366
0.8966673646512993,2.0602894708267137,17.496490491358426
-0.9282061094871356,0.5062839381574136,18.763851092728427
-0.12604017383006663,-0.25415391336145204,19.000177698181272
0.2600745652803128,-0.43492709084127307,20.003270776754043
2.445982683784169,0.02633852116611668,18.78225852787527
-0.7844779623831534,-0.015124145221692809,20.490898210245074
0.09500229169593985,0.2052225139613385,19.144737116586914
-0.17516571204227518,-0.6896780281164959,21.268806130309617
-0.4751947530639149,-1.704047455354339,20.23386843394264
-0.6980846650641735,-1.0585467647358149,19.364681455765755
-0.7614492332343498,0.4330073492864884,19.918977875113985
-1.2867110628189784,-0.38640546318587105,18.58498179424285
-0.8370775465133521,-0.7525115051460535,20.29349190813842
1.082136991202667,0.6397626646051016,19.445949962594764
-1.519848067040378,-2.090936604890415,19.34254720689242
-0.4798179619318825,-0.16885000691133767,18.460111929173532
-0.8380856812386297,0.3995376772435063,17.958019582612046
-0.4132635267190588,-0.003840860097032134,17.6926112328744
0.5035698604197316,-0.10919277869674754,18.20084151664132
0.8252784629819642,1.4166897970700862,18.650336050999105
1.6429245886683765,1.1770593182957159,19.216208430919682
-1.099353973688693,-0.9972191074524639,19.097587906403113
-1.260002764154165,-1.3423705971447752,16.50953958613471
1.5691604000644164,1.1740299572629613,18.989794591924603
-0.008640634372802922,-1.166306009407906,20.200234099884742
-0.6148030404628209,-0.09907788084555608,19.227547845007102
0.14862293050505415,0.5111995546643728,21.093590701994
0.2636432010669666,0.43610013388900426,19.914332598366546
0.04666866650845248,1.9100465635280346,18.602514794753247
0.5262639940930951,0.7079789407957819,18.5332020868359
1.8185703928833665,0.45732698927963683,19.27262832222069
-0.8117982442866974,0.3760067467952429,18.39868416815635
-0.9874568501598077,0.3841475929222254,18.592221946340434
-0.5050210446580848,1.564268957428459,19.83357407242729
1.4997167378877823,0.9803473686410331,18.03765493214668
-0.2576197573950078,1.0457950117160792,17.755568873297246
0.09036242270770009,0.8788322724906327,19.25693494744683
-2.5566434992497955,-1.1081146885012438,20.482247096872005
1.433470195133634,-0.4838990203595728,19.025191193395532
0.5798660102022113,0.6237618535893515,19.334614057129937
0.32072694777849864,-0.3472472619595981,19.73298208332998
0.7732421727003473,-0.8889651798769241,18.981906569076056
0.33364358361341995,-1.4471327636733222,17.57583113501658
-0.13456524639310785,-1.6083639237090703,18.362787294344415
1.750968045045132,2.8735738322135242,19.200883724811103
0.0695879612663998,-0.564583414863405,20.127396497724966
-0.47843915366879675,-0.9317531923729041,19.2926042121099
1.5864910728853867,-0.3310877720331451,19.263891986662532
-0.823807126765646,-1.316540790829613,18.61623534693977
-0.7976153676163815,0.49513911059525506,20.505494326335278
1.5521261927584833,1.7923855475572128,20.64695587177812
-1.2148049814724042,-0.005023964960061855,18.303989998439157
0.19772891616248672,0.8684368838408042,20.75612408020136
-0.08565412427840904,0.8558685245716141,20.831517537681346
0.4203030439379708,-0.8163272592566908,18.935544608851743
0.3948303110466789,-0.12732771715033192,17.92264879931305
0.9587195352469179,-0.21490714633556923,18.556097378642075
-0.9205993843434287,-0.14999889767964908,17.00231006619052
1.0330940153770183,-0.15559607103372486,18.81919722295725
-0.376821692502467,-0.983076755875235,19.082820425960527
1.12907702913512,0.6575803382393748,17.274543307895428
-0.5828128499871539,0.7253392450896278,16.86455737767736
-0.26376848577660383,0.3847194141617235,18.38195977333313
0.7502468191059758,1.5703003947659662,20.1660848840756
-0.5158515298358961,0.058619155732115014,18.109013422846008
1.123007957028505,-0.1890420181982373,19.027012217083158
1.3735814932115635,0.7350601091779979,17.908507000716057
-1.9023303915776444,-1.9267361153843097,18.209756046509337
1.4187356268272229,1.0887514776838891,21.005882333605065
1.4794388461975478,1.9033339116568793,18.171532697118568
-0.8551338677975386,-0.43201097670836747,18.369746855164518
-0.5230380188161033,0.5399457455729211,19.630768761275334
0.9187810217954853,0.9341777179943731,19.130966880634485
2.149893607308747,0.006185178538514746,19.678140835679415
-0.7289549896706679,0.08183940708398851,18.404437804139526
0.22420775411646476,-1.1380724982100936,18.22471880493678
-1.0974731454143065,-1.693197929292129,17.45041191281597
1.8446900600886467,-0.2164050285657303,20.323288382507833
-0.28517425236119776,1.213371624955873,17.689256382905178
0.7883662943754177,-0.4225743150083805,20.18681039766922
1.0947859899634822,0.7248937611765884,20.325518744509044
0.06987223456328552,0.04514283053569912,19.37238836503712
-0.013962049075227434,1.5702477086447564,18.47568696350844
0.5715825261550946,-0.8020824220917412,18.93376525216073
-0.9019623571871445,-0.13525837896961723,20.324440543778447
-0.4676764539843929,0.5770969861812519,17.76485345516413
-1.325401550207522,-2.0705897323243105,20.886766544098734
-1.345597212202166,-0.8854013958286744,21.022634957460685
1.7699542071480687,-0.007938730107326819,19.080947611543074
-1.8964678332520053,-1.845655903309769,19.384950043047493
-0.39214729664778114,-0.2862622464433422,20.46803724012045
0.2270068748421655,-0.9914040932843665,18.5904256905007
-0.03446436436587691,0.003409449959852085,19.850007610939137
0.662490067971068,0.5594828652242889,18.260561317681322
-1.1052483306760303,-0.7600260813691625,19.96136468897553
-0.3609707949414859,0.40460670674403226,17.35480992793373
0.5670229119788539,-2.343722746735139,18.75771872313661
1.2434464115565989,1.5397341429337996,20.221954796782338
0.4438054315577312,-0.22754358015916842,17.906792383882404
2.0189229434517264,2.349641472657159,19.876235967088856
0.43898774702347076,0.1562965494533094,18.93510151150888
1.133529500107135,1.89504485144099,19.20481702099385
0.08010604325348376,0.24417633799143054,18.703107996474536
-0.07347404134060123,0.9212185111806699,17.53081916054866
-0.10763090530270582,0.4987362889645116,20.996827511427806
0.7330707957066624,0.5204822485951557,18.716344061745826
-1.2901553875412408,-0.4190724191468097,18.939653164620903
0.3603619711743833,-1.2596144872072657,20.524429436003807
-1.0570728806591387,-0.3956927473044849,20.002535068102958
0.4443897767539176,0.06541135092971598,19.444028811269206
1.6547185526733947,3.677453202026128,18.841815014373616
0.7198051114522376,-0.3354498207547269,19.88624764757474
0.7383085922102868,1.2374937920764553,21.850193027334296
-1.224902420315833,-0.7519644463210002,18.83001987077179
0.09409513416833476,0.5205809913408681,19.935074241953984
-1.2464648169456085,-0.10892129795010252,20.153339159623265
-1.045541508064291,-0.6586448691502714,19.003702063114762
-1.807327575547551,-1.1212081279503654,17.479009729823144
-1.8984140454568865,-0.3655336341103438,18.243523277913262
-0.4136105041593354,0.1861235462197255,17.43864439739338
0.37618187309376966,0.3950576082874834,17.692862390102555
-0.6723835920682503,-0.9362712158631736,18.80720303935947
0.5880625176169583,1.1694662726022407,18.185293008265592
0.1516087698166893,-0.9359529014895888,19.0583342020183
0.3141641727055978,-0.6095676878632426,16.889475101568078
-0.9740943808462162,-1.1695584284628364,19.124822752636927
0.22233300874212766,-0.5446043097489167,19.155957517871265
-0.2281053793980215,0.23023224096217396,18.55666034588263
-0.39869955414775926,-2.4357253402919503,19.301034844544773
1.3840023258530931,-0.39840959810932364,19.009199719473127
0.7897862605362798,-0.3382585172330791,19.621512731734477
1.1553630949652078,1.326566899700515,18.386503453407265
-1.2982311753915432,-0.6137299496796788,18.097579169621252
-1.2689148993032673,-0.15235905807742495,17.751294669338797
-0.14385292100021355,-1.6805606084297715,19.04129041753241
-0.7281053475311718,-0.33857711376033656,18.626574933702127
-1.0820823490720282,0.25200351603009785,17.895575192737105
-1.4544642803072456,-1.41085096282933,19.021697379516624
2.8241990134530486,-0.33722623702482313,17.46257386236699
-0.5583540258637311,-0.4778273531535343,19.785717154564626
1.6308926685557854,0.4788451657813423,20.07984774750652
-0.17569005596856815,0.09527020566807308,19.53665214723313
-0.6729048044056052,-0.9551024764106261,18.224892937845855
1.374997203422836,-0.1706485297027398,18.963088197428196
-0.5585939148399159,-0.3730335380309741,17.895333115114482
0.6863804987948688,2.8944551239684873,18.9140974106264
0.97419579033252,1.2518807970920962,17.673808340337352
-1.1277183888056068,-0.3019063719538884,20.168587142013692
1.6098682111151654,0.042642073374596245,19.233249983913655
1.7456960670420025,2.9574786722727784,20.039104983889125
-0.4742641964970646,0.044246720351373864,19.691561045295778
0.057209703390607165,1.1960089223897847,19.451124479397013
0.4743224512369088,0.05822160761489925,18.9870489760062
-0.5840548821292019,0.19406077263127153,17.75166669900429
0.793354254241231,-0.7314621662364984,19.182775484330847
-1.4229601153196632,-2.174032949936776,18.944404330340728
0.9878032253391752,1.2170334427985672,19.23613470829575
-1.2862094223933114,-0.3483841921957152,18.232533384440092
-0.9941794726919935,-0.40687011588711824,17.76433495530708
0.8220769471226214,-1.1867284561744236,20.156967757617778
-2.1748563734222603,0.20719338655283281,18.77151568114807
0.26230679867910484,0.14009989808204845,18.706718419907926
-0.507495030165256,0.22045820890089174,20.21801082229104
1.3056306046625918,1.325718443062381,18.465706082654542
0.10630814151449308,1.1031098010979656,17.062397158217454
0.42822173263058666,1.1916427254841473,19.573334523495692
0.00022521245697485273,0.6945624790413552,20.102954997854773
0.9930971519657852,0.3434926890712825,19.148368756989065
-0.1440520055884622,-1.9434813262563067,19.56937065321506
2.101260106687487,1.2914735670558564,19.611277900887895
0.9486340316806589,-0.6126450979018481,20.40697941399194
0.8603272898750733,0.9029681128048468,18.664927966603738
0.0019629724357985105,-0.9439412132834492,21.02976281279381
1.3295157400219564,-0.5889717661727563,17.900085691770702
-0.3744249988261495,-0.0026103410049880538,18.681632358335964
0.9239018891541221,-0.4206040236410397,18.947536082413237
-0.24648770246985538,-1.3075034997606458,18.553679206207025
-0.28900617862271794,0.4772436672428741,19.420745055213516
1.1468554810729101,0.71044114140056,20.338435150117192
-1.3449143394332994,-2.3849586849205986,18.707580590292363
0.20261247029455268,1.46100597734854,19.969367069306497
-0.8127159348780604,0.7682643152809873,18.963762358542844
-0.4138283471985703,0.01610166581726566,19.578608856624818
0.29581810810444825,-0.08063452539151023,18.418492761385114
-0.3313533380138469,0.16124563242975942,19.146300673656576
-0.49735314711604495,0.5280253082932345,18.866442332305457
-0.7296882408899871,-0.5144979555099285,18.604394712997465
1.4046904227626757,-1.1592815224898563,17.970410890622617
1.1196394498408353,0.5317407906869115,20.00164086383249
-1.398679439203279,-1.1282026260700593,17.620061449927398
0.08917890067285905,0.9742754460540726,20.808530256890513
1.4384106354607855,0.12501754608386817,19.114232944614916
-0.05335885233273911,-0.539591218082531,18.164295587729658
1.9801485111713317,0.20146578997444864,19.877987833951575
-0.2942763230982,-0.22743267313175575,20.877328337013786
0.17146121964935457,2.303946062539651,17.07967313969378
0.2529833638728683,0.6941804537529891,22.49059039810196
-3.2735903376332693,-2.3414522798375215,18.63994727431638
-0.7199057489767225,0.9524914105622446,17.00103195315325
-0.06994665486469649,-0.615711948422243,19.339364206011048
1.666146575290786,1.1329186730613259,19.65373950695473
1.2113389348072645,-1.074029836185268,18.625415094055544
-0.148508889669566,1.137585865587212,20.163174618497433
-0.15209583166055754,0.9598402976434234,19.739458493757457
0.33708916235778325,-1.7483806573810141,19.116683256345866
-1.126939322125391,-2.1776811355737626,19.899532742756048
-0.7131159148620747,-0.3789788793669258,18.76983101024313
-0.3132234426350398,-0.4202881142763689,19.694042765321818
-0.9842213767132569,0.20339217382722324,20.587064818183904
-1.1069236718926636,-0.8741881528012828,19.088599822133762
0.25057873984403467,1.204343182170045,19.872177092777655
-0.5543322511800024,2.3456351350236733,18.34368773071988
-1.1737167027003406,0.2632386420525783,18.875058939322454
1.0758340908109276,1.4577728381342938,17.31128403561119
0.3481498229692626,-0.9807305152600664,19.529127862856996
-0.5711419138000211,-2.633203850396367,18.74165974818724
1.2014300061479344,-0.4671278535759078,18.076219285221573
0.5789044983696565,0.9925246639255413,20.432211462354807
-1.1427205177611803,0.3952933953249417,18.17411184294671
0.9804624243093587,-1.6500799258886758,17.21911700335775
0.6489471790161992,-0.9493959139105395,19.02949273890124
-1.5297837852694471,-0.30617943305455003,19.425162014425688
1.2709910559172821,0.4078370006446257,18.886398586381457
-1.1570181635926133,0.8746769983120698,17.399717333945304
0.40151691422401226,0.19077104941011322,18.38433775254675
0.12474426000022915,-0.20346662785181466,18.190093321666957
1.7387527059001204,0.8482647607900029,19.326498045431563
0.3091255821802998,-0.26307589698807754,18.256902473567564
0.2736166896782006,0.9933769360653195,19.30875106965277
0.9264114364693605,0.11947582245021598,19.2416338783816
0.6141920655282264,0.9064329122717412,19.53764693150237
-1.0175456091407291,-0.8154690831467108,16.84405883581865
-0.013165899731740658,0.10742776776325928,17.58858784500241
0.01415113332397219,-0.3570647074283818,19.092463012996316
0.22407103120157648,1.7066501506432077,19.700299189896985
0.38630916632771795,-0.2871559237480586,20.85239599493472
-0.523936560316193,-0.041976455406564805,19.1463971648328
0.2561588729402977,0.6987763009467959,18.62198268864637
-0.599253615361487,-0.5292458098846191,19.488418155414845
-0.29377447917993765,0.0022242493835125943,20.25120748153873
0.36759459835529057,-0.6413962614174791,19.842222613728847
-1.1305525061578487,0.6064721432325446,18.437279321063283
1.4262458832981502,3.168038655776596,19.331235032941958
0.47190665960567135,1.9246231354248957,19.540121721355074
0.6599597212449437,0.3088340749956801,18.312482498442904
0.4849071317537731,1.8137368402294474,19.673270488109964
0.3711480648680412,1.4314877279781024,20.4346782186207
1.1743074449980246,-0.4591079171710605,18.13339501129641
-1.6434308132348414,0.3808760888354631,20.685979263170687
0.7234359125625462,-0.6503920088595001,17.77048574260929
0.07473180785573484,-1.2242563404779294,18.82237121178444
-1.398607032309633,-3.281048629384957,19.904827321541948
0.28978280380881544,-1.8697795267560446,20.003758931678917
0.21664896341964618,1.6151548102911273,18.586933399264595
0.6803558381307262,1.1442190058409845,21.241115980743707
0.23764567491100086,-1.7128449048109762,18.152612941953915
-0.6878491798065963,0.2637337387584679,16.32850417022352
0.4611963603141614,1.5115518246226343,18.661242403506765
-1.2642391169936091,-0.5752860778368505,18.939971208851357
1.0816906131591606,1.4823417777232817,17.035024347150614
-1.1308264014255205,-0.6385388291513676,19.094628299783043
0.37238296664647047,-0.5502259321914371,18.228524685048363
0.9964466626023674,0.17914145635109452,17.908799547341275
1.1538254843666385,-1.4224297482128088,17.458484375373374
-0.8153943332129941,0.49886443845097156,17.77504192046123
-1.620903034604803,-0.012321445552083476,20.04566393151334
0.31109653716770086,0.7046769103875326,19.113039021333158
1.3628427456335335,-0.5745836360622184,18.900849156945664
-1.198365838205448,-0.8261082083449134,17.73912890512147
1.0165507503641127,-0.1504628256864049,21.71152915166097
1.1759654092010772,0.37062722209219334,18.04945169886821
-2.011305170147089,-1.3016338705660404,19.96817680465022
-1.9212548714322744,-1.0144385762016583,18.9354393997673
-2.118351250497487,-1.909584797095085,19.04242427235794
0.8562283619209662,0.09778525357603601,18.818847100391018
-2.355240585930622,-1.0135135147718104,18.768693592869674
-1.7915137506766468,-2.4593705130982646,20.0918623118857
-0.3104884953638986,1.2509733775842757,20.917972691687783
0.6731124009110133,-0.9141413528352931,19.740089359754506
-0.7693120657066143,-0.45041950655027174,17.8228287915365
1.0833540045011272,-2.158315367398178,18.58225980041594
1.1769610263509638,0.7672536194986548,17.393135231305106
1.283079247532457,0.6935118209499733,19.916239512310014
0.8678352077106036,-2.1294040935673264,19.97468562791263
0.49694414318812064,1.0926692899120511,17.551669164896964
0.42401132207208025,-0.8997689874508474,17.71295224466655
-0.5018723076382505,-1.9540365213228073,19.00164834848442
1.4847270235713548,-0.4077540249307604,18.51156135315054
0.3544967011089462,-0.536776375655428,19.85637879174819
-1.6700539707922213,-0.9202062298018298,18.249464270368556
-1.8819369765508618,-1.5826711355543661,18.754208783989405
0.14717919576738955,-0.030849800043170353,18.31884023037613
-0.2266943249710007,0.28923740708211354,17.820658426036957
0.9838788358868805,0.3598914590821101,18.447175504377906
0.07865092193902169,-1.4967383503676872,18.13174880388629
0.4583060862574746,1.1026972878962078,17.507277301778238
1.4323004180063714,0.6161010945573826,18.44033041211078
0.8414702615767808,1.196099978345235,18.48812100376024
1.1543550270309713,-0.8631973711897659,19.960469473261988
0.9115823290025807,0.6718574406393883,17.340373208187035
0.4127686889389068,1.0275833660976958,19.968120169604557
0.48015888537635715,1.031354753226304,17.839915555643614
1.1717859384605434,-0.2760326696496932,18.13363319314421
-0.8166978581830384,-0.5898278279237972,17.209498410032403
0.9136753535758642,1.6153825617746644,17.638453084404713
0.9385824247516356,-1.4114801958851817,20.5654792071506
-0.5753556428363504,0.9190831294887065,21.226135483001553
-0.5192548406220487,-1.053558626722072,19.318801165308795
1.1724524653376753,0.6606488159359676,19.896662244635543
1.2545820191759365,1.058727022226934,20.788442509584254
-0.38713838730820255,0.16434052856983214,19.459721573654612
1.1901281959323282,1.1683326802135414,18.464708745952105
-1.2477235804068625,0.23642630757199024,19.517864404555915
1.2577024155553305,2.7854713653621412,19.31363568425396
-0.14300270374737328,1.3509764750239777,17.948698926888103
1.004672705129209,-0.2190369942769237,18.88201648761202
2.319797263311123,-0.404343539973155,20.50681568101234
0.6409174472729517,1.5498175864848571,18.999114914044956
-0.7720862743863829,-1.404702082523693,20.407811323669822
2.989213512726751,2.9570013120868612,18.12128431371585
-0.5640239403406132,-0.6352106769362953,19.81041445915902
0.5874092437040097,-0.015357084988438185,19.47412626524746
-0.7954304653942731,-1.1132552594581404,17.752782252969194
-0.43153898872036545,-0.79030641255771,20.78280188258193
-0.22470125797021281,-0.3444140388126792,20.122217721606248
0.6714673551184174,0.9005860590906913,19.170342089016884
-0.3856660230518904,-0.5571584430258453,19.931634663182052
-0.4947999901105977,-0.14411013233147066,19.05656928103254
-1.4081316910045008,0.12410327449528602,19.557579107091204
3.1018387631051567,2.8884008039393354,19.612726280726214
-0.1884462540161704,-0.36989059598030466,20.55251630742642
1.9659684331790575,1.0782590857829755,18.71697359152281
-0.6087128977661024,-1.5233193702222911,18.001178357657004
-0.4140189126984914,-1.0155355427059953,18.582076932795363
-0.4360296066111804,0.11945945144924142,17.90370798682892
-1.4223419853870771,0.11741311593598203,18.158327292187
0.6045380673633723,1.8714121105208026,19.089727599227313
0.2396542479482448,0.2640931681694556,20.27845029606372
-0.14155200767233062,-0.4507195721501208,18.319434307698504
-0.138007598011744,-0.1585269835675256,20.084895697958956
-1.7243780772048314,-1.1644866313248405,17.375683207110942
-0.5381662493675925,-0.557747585256462,18.699841201558737
1.1443007528438571,0.7021941415577024,20.5689500413586
-0.4156202501120377,-0.24112998571491048,16.222610146931544
-3.9108478259468735,-2.309441789468611,18.178670504122245
-0.001624471514132441,-0.5712934401462554,19.587863038845878
1.287709110167353,-1.1645891008142555,17.33044080870438
1.670668745790137,1.5381791676535896,19.701075240266547
-0.5550903670785241,-1.6745490620940928,19.18497551218697
0.7702265865803227,1.724361987292268,19.403605477451514
-0.17012651572543921,0.015564686327336735,19.32589308663621
0.22424241074511092,0.5843589193787723,18.566876750174572
0.4074648059189624,0.70831536211053,17.908305252115948
-0.787124431797619,-0.43915410964379736,19.223014089356756
-1.372127165247623,-0.6748641937058215,19.124612907516518
0.8904853763005456,2.27281181622312,18.227922212130476
-0.18275610468411482,1.0634870656794402,16.715059776555417
0.027123171786756006,0.11045334793680424,18.32865693758663
0.9675096307650923,1.1365121086718069,18.472167641778487
-0.4756398575114537,1.469019267718404,21.407395177968432
1.615001611563936,-0.5059944690049986,18.39340873670873
0.43677526686796686,0.2445711383732428,18.52150620637112
0.715439148265117,-0.015453624364522911,18.960047154329967
-1.3433840457641668,-2.1851465118079485,20.176777921838355
0.8398284436252885,1.3782980360575814,18.560120324156447
1.2350727279567437,2.8119164166203383,19.940749830372777
0.6797625213784609,0.4169614183813128,20.182004851129538
-1.9988481742492805,-1.1768108588934647,17.645588262119073
-0.29704143495202184,0.6593487420172466,17.87178679028931
-0.2533156800836488,1.3643653045047053,18.98731716811669
-0.6835700766878,-0.2501641707046147,17.033260164481778
1.0924029171932663,0.008080622431757112,18.403122744404467
2.251027438439994,2.4922353276617635,20.492949604108723
-0.06704024273835851,-0.2915439490504838,18.276889282788428
-0.46641601189666576,-0.35702340616090356,18.53846408091496
0.3922285942059242,-0.25241629926743037,19.00120532179267
-0.6779825318880711,-1.244351849056028,18.693380193221568
-0.8015075895402244,-0.6909201634390886,19.508807635033044
-1.0965863734045742,-1.9235539964518242,18.561389879555612
-0.6153048935690029,0.9708070402184457,18.3497596366237
0.5695868786497271,0.2776211300827888,19.999805461165327
-2.2867287440857718,-0.6411114440898463,19.241545693525065
-0.7534705280023852,-2.0697738586975185,21.28164710903204
0.21083103834808828,2.3578226239281195,18.428278219575358
-0.6844596247010483,-0.33685269014486774,20.862795938604904
0.17821454900816405,1.5797335334724298,19.542993132702133
-0.3920899932300887,0.7498257544098419,19.785572115471805
-2.0840916690457267,0.2791504851340214,17.98302204312171
-1.0008104594311034,1.3027225697148574,18.033096166565933
-0.7006777455934438,-1.1074368577099787,19.478415813393376
-0.19707023081011935,0.010146546479194371,15.768838543060724
0.11401953344920196,0.5023609765177656,20.35225741310386
-1.0868140497213843,-0.38811203349695456,19.942541037514246
-0.3036550688756816,0.9540533705612002,18.159126569700916
1.0861574272551524,0.8306215073060603,18.2332996290609
0.03512569667469923,0.6095496963451881,18.949499225239467
2.0309361048325325,0.4029934211273287,20.016245273637285
1.2784180939802383,0.5619294863290716,19.944641982106806
0.511396023853844,1.5159918005879143,19.612294910892228
-0.3124262982303132,0.0201014077678478,17.945909845373098
3.3519294654000698,2.4432595517779254,18.885858433221056
1.681422108770743,1.9858999226268035,18.551167453236456
2.296925564359338,2.8012714263177587,19.598510741185358
-1.4056946823676149,-2.4091672360327143,18.369168722901634
0.26114368490005374,-0.4767919316522351,19.938849967712155
-1.7622514320170486,-0.4209677506242792,17.716263273391554
0.9445557045720823,-0.4241937463573161,18.61153441561816
0.8629455292054526,1.531157112378408,18.771891022525406
1.4235174246998714,0.7629621203240342,20.103779761792886
-2.2627443275875874,-0.6880480964163911,18.74757561690382
1.2535664569386946,1.0585277414728493,19.11932072923179
0.03799869392092415,0.3258417351349494,16.95254158068498
0.2990581002304977,0.834054675327407,19.172264280611365
